id_list,rfam_list,eq_class_list,type_list,cluster_seqid0.8,cluster_structsim0.45,sequence,length,mean_rmsd,median_rmsd,num_structures
"['8HK1_1_H', '6Y5Q_1_2', '7EVO_1_H']","['U2', 'U2', 'U2']","['73426', 'unknown', '73426']","['Protein-RNA Complex', 'unknown', 'Protein-RNA Complex']",294,69,GCCGGCUAAGAUCAAGUGUAGUAUCUGUUCUUAUCAGUUUAAUAUCUGAUUCCUCGAGGAGGAUUUUUGGAGCAGGGAGAUGGAAUAGGAGCUUGCUCCGUCCACUCCACGCAUCGACCUGGUAUUGCAGUACCUCCAGGAACGGUGC,148,0.7377896244041965,1.1062184602291212,3
"['6J6H_1_D', '6J6Q_1_D', '6J6G_1_D', '7DCO_1_B', '6J6N_1_D']","['U2', 'U2', 'U2', 'U2', 'U2']","['30457', '30457', '30457', '30457', '30457']","['Protein-RNA Complex', 'Protein-RNA Complex', 'Protein-RNA Complex', 'Protein-RNA Complex', 'Protein-RNA Complex']",316,95,AAGCAGCUUUACAGAUCAAUGGCGGAGGGAGGUCAACAUCAAGAACUGUGGGCCUUUGCCUAUAGAACUUAUAACGAACAUGGUUCUUGCCUUUUACCAGAACCAUCCGGGUGUUGUCUCCAUAGAAACAGGUAAAGCUGUCCGUUACUGUGGGCUUGCCAUAUUUUUUGGAACUUUUC,179,1.2679213485081982,0.4908261892038555,5
"['5Y88_1_B', '5WSG_1_D', '5YLZ_1_B', '5GMK_1_D']","['U2', 'U2', 'U2', 'U2']","['30457', '30457', '30457', '30457']","['Protein-RNA Complex', 'Protein-RNA Complex', 'Protein-RNA Complex', 'Protein-RNA Complex']",316,95,GGAGGUCAACAUCAAGAACUGUGGGCCUUUGCCUAUAGAACUUAUAACGAACAUGGUUCUUGCCUUUUACCAGAACCAUCCGGGUGUUGUCUCCAUCCAUAUUUUUUGGAACUUUUC,117,0.4380038640591326,0.4554226757040213,4
"['7W5B_1_H-F', '6ICZ_1_H-F', '7W5A_1_H-F', '5XJC_1_H-F', '7W59_1_H-F']","['U2', 'U2', 'U2', 'U2', 'U2']","['unknown', '17578', '17578', '17578', '17578']","['unknown', 'Protein-RNA Complex', 'Protein-RNA Complex', 'Protein-RNA Complex', 'Protein-RNA Complex']",294,76,GUGCUCGCUUCGGCAGCACAUAUACUAAAAUUGGAACGAUACAGAGAAGAUUAGCAUGGCCCCUGCGCAAGGAUGACACGCAAAUUCGUGAAGCGUUAUCGCUUCUCGGCCUUUUGGCUAAGAUCAAGUGUAGUAUCUGUUCUUUUAAUAUCGUCCUCUACCGAGGACAAUAUUAAGGAUUUUUGGAGCAGGGAGCCACGCAUCGACCUGGUAUUGCAGUACCUCCAGGAACGGUGC,237,2.3948952662174365,2.652763062045091,5
['6ID1_1_H-F'],['U2'],['81267'],['Protein-RNA Complex'],294,76,GUGCUCGCUUCGGCAGCACAUAUACUAAAAUUGGAACGAUACAGAGAAGAUUAGCAUGGCCCCUGCGCAAGGAUGACACGCAAAUUCGUGAAGCGUUAUCGCUUCUCGGCCUUUUGGCUAAGAUCAAGUGUAGUAUCUGUUCUUUUAAUAUCGUCCUCUACCGAGGACAAUAUUAAGGAUUUUUGGAGCAGGGAGGCAUCGACCUGGUAUUGCAGUACCUCCAGGAACGGUGC,233,0.0,0.0,1
"['5XJC_1_B', '5Z57_1_B', '5YZG_1_B', '7W5B_1_B', '5Z56_1_B', '5Z58_1_B', '7W5A_1_B', '7W59_1_B']","['U2', 'U2', 'U2', 'U2', 'U2', 'U2', 'U2', 'U2']","['73286', 'unknown', 'unknown', 'unknown', 'unknown', 'unknown', '73286', '73286']","['Protein-RNA Complex', 'unknown', 'unknown', 'unknown', 'unknown', 'unknown', 'Protein-RNA Complex', 'Protein-RNA Complex']",394,143,GGUUUCUCUUCAGAUCGCAUAAAUCUUUCGCCUUUUACUAAAGAUUUCCGUGGAGAGGAACAACCCAAUUUUUUGAGGCCUUGC,84,3.468159190353597,4.331059257154306,8
"['5MPS_1_5', '5LJ3_1_U', '5LQW_1_5', '5GAM_1_U', '5MQ0_1_5', '5LJ5_1_U', '5GAN_1_U']","['U2', 'U2', 'U2', 'U5', 'U2', 'U2', 'U4']","['30457', '30457', 'unknown', '97263', 'unknown', 'unknown', '97263']","['Protein-RNA Complex', 'Protein-RNA Complex', 'unknown', 'Protein-RNA Complex', 'unknown', 'unknown', 'Protein-RNA Complex']",316,95,CAGCUUUACAGAUCAAUGGCGGAGGGAGGUCAACAUCAAGAACUGUGGGCGCCUAUAGAACUUAUAACGAACAUGGUUCUUGCCUUUUACCAGAACCAUCCGGGUGUUGUCUCCAUAGAAACAGGUAAAGCUGUAUUUUUU,141,5.225806918337776,7.879844166985634,7
['6J6G_1_L-E'],['U2'],['01315'],['Protein-RNA Complex'],277,53,GUUCGCGAAGUAACCCUUCGUGGACAUUUGGUCAAUUUGAAACAAUACAGAGAUGAUCAGCAGUUCCCCUGCAUAAGGAUGAACCGUUUUACAAAGAGAUUUAACGAAUCUCUUUGCCUUUUGGCUUAGAUCAAGUGUAGUAUCUGUUCUUUUCAUGUAACAACUAAUGACCUCAGAGGCUCAAUUUGUUACAAUACACAUUUUUUGGCACCCAAAAUAGGACGGGAAGAGACUUUUAAAGUGAGACGUCGCGACCCUCGCAGGAGUCGUUCUUGACUUUUUGGUCGCUUGAUGUUUCUCUCUUCCCGUUC,311,0.0,0.0,1
['5NRL_1_5'],['U2'],['unknown'],['unknown'],316,95,AAGCAGCUUUACAGAUCAAUGGCGGAGGGAGGUCAACAUCAAGAACUGUGGGCGCCUAUAGAACUUAUAACGAACAUGGUUCUUGCCUUUUACCAGAACCAUCCGGGUGUUGUCUCCAUAGAAACAGGUAAAGCUGUCCGUUACUGUGGGCUUGCCAUAUUUUUUGGAAC,170,0.0,0.0,1
['7Q4O_1_2-h'],['U2'],['73426'],['Protein-RNA Complex'],854,475,AAGUGAGAGCUAUCAGUUAAAUUGCAGAUACUAACAC,37,0.0,0.0,1
"['7ABI_1_5', '5MQF_1_5', '5O9Z_1_5', '7ABG_1_5']","['U2', 'U2', 'U2', 'U2']","['unknown', 'unknown', 'unknown', 'unknown']","['unknown', 'unknown', 'unknown', 'unknown']",394,143,ACUCUGGUUUCUCUUCAGAUCGCAUAAAUCUUUCGCCUUUUACUAAAGAUUUCCGUGGAGAGGAACAACUCUGAGUCUUAACCCAAUUUUUUGAGCCUUGCCUUGGCAAGGCUA,114,2.0301528672200475,2.252487571486888,4
"['6FF7_1_6', '6FF4_1_6']","['U2', 'U2']","['unknown', '57834']","['unknown', 'Protein-RNA Complex']",272,157,GUGCUCGCUUCGGCAGCACAUAUACUAAAAUUGGAACGAUACAGAGAAGAUUAGCAUGGCCCCUGCGCAAGGAUGACACGCAAAUUCGUGAAGCG,95,0.4229315942392915,0.4229315942392915,2
['6AHD_1_I-H-F'],['U2'],['67328'],['Protein-RNA Complex'],272,49,AGCUUUGCGCAGUGGCAGUAUCGUAGCCAAUGAGGUCUAUCCGAGGCGCGAUUAUUGCUAAUUACUUUUCCCAAUACCCCGCCGUGACGACUUGCAAUAUAGUCGGCACUGGCAAUUUUUGACAGUCUCGAGACUGGUGCUCGCUUCGGCAGCACAUAUACUAAAAUUGGAACGAUACAGAGAAGAUUAGCAUGGCCCCUGCGCAAGGAUGACAUUCGUGAAGCGUAUUUCGCUUCUCGGCCAGUGUAGUAUCUGUUCUUAUCAGUUUAAUAUCUGAUGGAUUUUUGGAGCAGGGAGCCACGCAUCGACCUGGUAUUGCAGUACCUCCAGGAACGGUGC,339,0.0,0.0,1
"['7OQE_1_1', '6N7P_1_R', '7OQC_1_1']","['U2', 'U1_yeast', 'U1_yeast']","['unknown', '34961', 'unknown']","['unknown', 'Protein-RNA Complex', 'unknown']",248,31,AUACUUACCUUAAGAUAUCAGAGGAGAGUCCUACUGAUCAAACAUGCGCUUCCAAUAGUAGAAGGACGUUAAGCAUUUAUCAUUGAACUAUAAUUGUUCAUUGAAGUCAUUGAUGCAAACUCCUUGGUCACACACACAUACGGCGCGGAAGGCGUGUUUGCUGACGUUUCCAUUCCCUUGUUUCAAUCAUUGGUUAAUCCCUUGAUUCCUUUGGGGAUUUUUGGGUUAAACUGAUUUUUGGGGCCCUUUGUUUCUUCUGCCUGGAGAAGUUUGACACCAAAUUCAAAUUGGUGUUAGGGGAGCUGGGGCCUUUCAAAAGAGAGCUUUGUAGAGGCAUUCUUUUUGACUACUUUUCUCUAGCGUGCCAUUUUAGUUUUUGACGGCAGAUUCGAAUGAACUUAAGUUUAUGAUGAAGGUAUGGCUGUUGAGAUUAUUUGGUCGGGAUUGUAGUUUGAAGAUGUGCUCUUUUGAGCAGUCUCAACUUUGCUCGUUCCCGUUAUGGGAAAAAUUUUGGAAGGUCUUGGUAGGAACGGGUGGAUCUUAUAAUUUUUGAUUUAU,558,0.4611897713919199,0.6635038496839667,3
"['5ZWM_1_B', '5ZWO_1_B']","['U2', 'U2']","['71335', '71335']","['Protein-RNA Complex', 'Protein-RNA Complex']",316,95,AAGCAGCUUUACAGAUCAAUGGCGGAGGGAGGUCAACAUCAAGAACUGUGGGCGCCUAUAGAACUUAUAACGAACAUGGUUCUUGCCUUUUACCAGAACCAUCCGGGUGUUGUCUCCAUAGAAACAGGUAAAGCUGUCCGUUACUGUGGGCUUGCCAUAUUUUUUGGAACUUUUC,175,0.5867708096933164,0.5867708096933164,2
['6ICZ_1_B'],['U2'],['73286'],['Protein-RNA Complex'],394,143,GGUUUCUCUUCAGAUCGCAUAAAUCUUUCGCCUUUUACUAAAGAUUUCCGUGGAGAGGAACAACUCUGAGUCUUAACCCAAUUUUUUGAGGCCUUGC,97,0.0,0.0,1
"['8CH6_1_e', '7QTT_1_e']","['U2', 'U2']","['unknown', '73286']","['unknown', 'Protein-RNA Complex']",394,143,GGUUUCUCUUCAGAUCGCAUAAAUCUUUCGCCUUUUACUAAAGAUUUCCGUGGAGAGGAACAAUCUGAGAUUUUUUGAGGCCUUGCUUUGGCAAGGCU,98,1.0147190894838505,1.0147190894838505,2
['6ID0_1_F-H'],['U2'],['57834'],['Protein-RNA Complex'],294,76,GUGCUCGCUUCGGCAGCACAUAUACUAAAAUUGGAACGAUACAGAGAAGAUUAGCAUGGCCCCUGCGCAAGGAUGACACGCAAAUUCGUGAAGCGUUAUCGCUUCUCGGCCUUUUGGCUAAGAUCAAGUGUAGUAUCUGUUCUUAUCAUUAAUAUCGUCCUCUACCGAGGACAAUAUUAAGGAUUUUUGGAGCAGGGAGGCAUCGACCUGGUAUUGCAGUACCUCCAGGAACGGUGC,237,0.0,0.0,1
['5MQF_1_2-6'],['U2'],['unknown'],['unknown'],299,58,CGCUUCUCGGCCUUUUGGCUAAGAUCAAGUGUAGUAUCUGUUCUUAUCAGUUUAAUAUAUAUUAAAUGGAUUUUUGGAGCAGGGAGAUGGAGUCCACUCCACGCAUCGACCUGGUAUUGCAGUACCUCCAGGAACGGUGCGUGCUCGCUUCGGCAGCACAUAUACUAAACGAUACAGAGAAGAUUAGCAUGGCCCCUGCGCAAGGAUGACACGCAAAUUCGUGAAGCGU,229,0.0,0.0,1
"['5YLZ_1_D', '5WSG_1_E']","['U2', 'U2']","['83830', '83830']","['Protein-RNA Complex', 'Protein-RNA Complex']",257,157,GUUCGCGAAGUAACCCUUCGUGGACAUUUGGUCAAUUUGAAACAAUACAGAGAUGAUCAGCAGUUCCCCUGCAUAAGGAUGAACCGUUUUACAAAGAGAUUUA,103,0.56659155650052,0.56659155650052,2
['8CH6_1_f-d'],['U2'],['unknown'],['unknown'],294,78,GUGCUCGCUUCGGCAGCACAUAUACUAAAAUUGGAACGAUACAGAGAAGAUUAGCAUGGCCCCUGCGCAAGGAUGACACGCUCGUGAAGCGUUAUCGCUUCUCGGCCUGGCUAAGAUCAAGUGUAGUAUCUGUUCUUAUCAGUUUAAUAUCUGAUGUCCUCUCGAGGACGGAUUUUUGGAGCAGGGAGCCACGCAUCGACCUGGUAUUGCAGUACCUCCAGGAACGGUGC,230,0.0,0.0,1
['7AAV_1_5'],['U2'],['unknown'],['unknown'],394,143,UGGUUUCUCUUCAGAUCGCAUAAAUCUUUCGCCUUUUACUAAAGAUUUCCGUGGAGAGGAACAACUCUG,69,0.0,0.0,1
['6ZYM_1_6'],['U2'],['34349'],['Protein-RNA Complex'],272,157,GUGCUCGCUUCGGCAGCACAUAUACUAAAAUUGGAACGAUACAGAGAAGAUUAGCAUGGCCCCUGCGCAAGGAUGACAC,79,0.0,0.0,1
['5Y88_1_D'],['U2'],['83830'],['Protein-RNA Complex'],257,157,GUUCGCGAAGUAACCCUUCGUGGACAUUUGGUCAAUUUGAAACAAUACAGAGAUGAUCAGCAGUUCCCCUGCAUAAGGAUGAACCGUUUUACAAAGAGAUU,101,0.0,0.0,1
['5ZWM_1_H-I-F'],['U2'],['36828'],['Protein-RNA Complex'],257,40,GUUCGCGAAAUUUUACUUCGUGGACAUUUGGUCAAUUUGAAACAAUACAGAAUCAGCAGUUCCCCUGCAUAAGGAUGAACCGUCAAAGAGAUUUGUUUUAUCCUUAUGCACGGGAAAUACGCAUAUCAGUGAGGAUUCGUCCGAGAUUGUGUUUUUGCUGGUUUAAUUAUAACUCCUCAUGGUCAGACUAUGUAGGGAAUUUUUGGAAUGAAUCUCUUUGAGUGUAGUAUCUGUUCUUUUCAGUGUAACAACUGAAAUGACCUAGGCUCAUACAUUUUUUGGCACGGACGGGAAGAGGGUGGCGCUGCAAGAGGAAGUUUUUCGAUUGUUGAUUUUCCUUUUGAAGUGUCCUCGAGACGUCGCGACCCUCGGAGUCGUUCUUGACUUGGUCGCUUGAUGUUUCUUCUUCCCGUUC,415,0.0,0.0,1
['6J6N_1_L-E'],['U2'],['01315'],['Protein-RNA Complex'],277,53,GUUCGCGAAGUAACCCUUCGUGGACAUUUGGUCAAUUUGAAACAAUACAGAGAUGAUCAGCAGUUCCCCUGCAUAAGGAUGAACCGUUUUACAAAGAGAUUUAACGAAUCUCUUUGCCUUUUGGCUUAGAUCAAGUGUAGUAUCUGUUCAGUGUAACAACUAAUGACCUCAGAGGCUCAUAUUUGUUACAAUACACAUUUUUUGGCACCCAAAAUAGGACGGGAAGAGACUUUUAAAGUGAGACGUCGCGACCCUCGCAGGAGUCGUUCUUGACUUUUUGGUCGCUUGAUGUUUCUCUCUUCCCGUUC,308,0.0,0.0,1
"['6FF4_1_5', '6FF7_1_5']","['U2', 'U2']","['73286', 'unknown']","['Protein-RNA Complex', 'unknown']",394,143,UCUGGUUUCUCUUCAGAUCGCAUAAAUCUUUCGCCUUUUACUAAAGAUUUCCGUGGAGAGGAACAACUCU,70,0.4915577962424163,0.4915577962424163,2
['7B9V_1_5'],['U2'],['30457'],['Protein-RNA Complex'],316,95,AAGCAGCUUUACAGAUCAAUGGCGGAGGGAGGUCAACAUCAAGAACUGUGGGCCUUUUAUUGCCUAUAGAACUUAUAACGAACAUGGUUCUUGCCUUUUACCAGAACCAUCCGGGUGUUGUCUCCAUAGAAACAGGUAAAGCUGUCCGUUACUGUGGGCUUGCCAUAUUUUUUGGAAC,178,0.0,0.0,1
"['6AH0_1_B', '6AHD_1_B']","['U2', 'U2']","['unknown', '73286']","['unknown', 'Protein-RNA Complex']",394,143,ACUCUGGUUUCUCUUCAGAUCGCAUAAAUCUUUCGCCUUUUACUAAAGAUUUCCGUGGAGAGGAACAACUCUGAGUCUUAACCCAAUUUUUUGAGGCCUUGCUUUGGCAAGGCUA,115,1.1644638418486022,1.1644638418486022,2
['6BK8_1_2-6-i'],['U2'],['10510'],['Protein-RNA Complex'],283,58,GAAUCUCUUUGCCUUUUGGCUUAGAUCAAGUGUAGUAUCUGUUCUGUAACAACUGUUGUUACGGACGGGAAGAGGAGACGUCGCGACCCUCGCAGUCGUUCUUGACUGGUCGCUUGAUGUUUCUUCUUCCCGUUCGUUCGCGAAGUAACCCUUCGUGGACAUUUGGUCAAUUUGAAACAAUACAGAGAUGAUCAGCAGUUCCCCUGCAUAAGGAUGAACCGUUUUACAAAGAGAUUUGUAUGUAUUUAUUUUAGAACUAGUUACUAACAUUUUUUUUUUAAAAAAUAAUUAUAUAG,296,0.0,0.0,1
['6J6H_1_L-E'],['U2'],['01315'],['Protein-RNA Complex'],277,53,GUUCGCGAAGUAACCCUUCGUGGACAUUUGGUCAAUUUGAAACAAUACAGAGAUGAUCAGCAGUUCCCCUGCAUAAGGAUGAACCGUUUUACAAAGAGAUUUAACGAAUCUCUUUGCCUUUUGGCUUAGAUCAAGUGUAGUAUCUGUUCUUUUCAGUGUAACAACUAAUGACCUCAGAGGCUCAAUUUGUUACAAUACACAUUUUUUGGCACCCAAAAUAGGACGGGAAGAGACUUUUAAAGUGAGACGUCGCGACCCUCGCAGGAGUCGUUCUUGACUUUUUGGUCGCUUGAUGUUUCUCUCUUCCCGUUC,312,0.0,0.0,1
['3JB9_1_N-P'],['U2'],['76442'],['Protein-RNA Complex'],307,76,GAUCUUCGGAUCACUUUGGUCAAAUUGAAACGAUACAGAGAAGAUUAGCAUGGCCCCUGCACAAGGAUGACACUGCGACAUUGAGAGAAAAUUCUCUCUUUGCCUUUUGGCUUAGAUCAAGUGUAGUAUCUGUAUCUUGUUUUUGGUUUUUGGAAAGCCUCUGGGCUAUGCUUUCCUCUUGCUAUUGCACUACUGGCAAGC,201,0.0,0.0,1
['6Y50_1_2'],['U2'],['unknown'],['unknown'],272,344,GCCGGCUAAGAUCAAGUGUAGUAUCUGUUCUUAUCAGUUUAAUAUCUGAU,50,0.0,0.0,1
['6QDV_1_2-6'],['U2'],['17578'],['Protein-RNA Complex'],299,58,AUCGCUUCUCGGCCUUUUGGCUAAGAUCAAGUGUAGUAUCUGUUCUUAUCAGUUUAAUAUAUAUUAAAAGAUUUUUGGAACUGCAUCGACCUGGUAUUGCAGUACCUCCAGGAACGGUGCGUGCUCGCUUCGGCAGCACAUAUACUAAAAUUGGAACGAUACAGAGAAGAUUAGCAUGGCCCCUGCGCAAGGAUGACACGCAAAUUCGUGAAGCGUU,217,0.0,0.0,1
['7ABH_1_2'],['U2'],['unknown'],['unknown'],257,472,AAGUGUAGUAUCUGUUCUUAUCAGUUUAAUAUCUGAU,37,0.0,0.0,1
['5ZWO_1_H-I-F'],['U2'],['99228'],['Protein-RNA Complex'],257,40,GUUCGCGAAAUUUUACUUCGUGGACAUUUGGUCAAUUUGAAACAAUACAGAAUCAGCAGUUCCCCUGCAUAAGGAUGAACCGUCAAAGAGAUUUGUUUUAUCCUUAUGCACGGGAAAUACGCAUAUCAGUGAGGAUUCGUCCGAGAUUGUGUUUUUGCUGGUUUAAUUAUAACUCCUCAUGGUCAGACUAUGUAGGGAAUUUUUGGAAUGAAUCUCUUUGAGUGUAGUAUCUGUUCUUUUCAGUGUAACAACUGAAAUGACCUAGGCUCAUACAUUUUUUGGCACGGACGGGAAGAGGAGACGUCGCGACCCUCGGAGUCGUUCUUGACUUGGUCGCUUGAUGUUUCUUCUUCCCGUUC,359,0.0,0.0,1
['6G90_1_2'],['U2'],['90613'],['Protein-RNA Complex'],287,124,AAGUGAGUAUCGUCUUUUCAGUGUAACAACUGAAAUGACCUAGGCUCAUACACAUUUUUUGGCAGGACGGGAAGAGGAGACGUCGCGACCCUCGCAGAGUCGUUCUUGACUUGGUCGCUUGAUGUUUCUUCUUCCCGUUC,140,0.0,0.0,1
['7A5P_1_5'],['U2'],['unknown'],['unknown'],394,444,AUCUUAACCCAAUUUUUUGAGCCUUGCCUUGGCAAGGCUA,40,0.0,0.0,1
"['5Z58_1_H-F', '5Z57_1_H-F', '5Z56_1_H-F']","['U2', 'U2', 'U2']","['unknown', 'unknown', 'unknown']","['unknown', 'unknown', 'unknown']",294,78,GUGCUCGCUUCGGCAGCACAUAUACUAAAAUUGGAACGAUACAGAGAAGAUUAGCAUGGCCCCUGCGCAAGGAUGACACAUUCGUGAAGCGUUAUCGCUUCUCGGCCGGCUAAGAUCAAGUGUAGUAUCUGUUCUUAUCAGUUUAAUAUCUGAUGUCCUCUCGAGGACGGAUUUUUGGAGCAGGGAGCCACGCAUCGACCUGGUAUUGCAGUACCUCCAGGAACGGUGC,229,1.425992778063958e-06,1.425992778063958e-06,3
"['6ID1_1_B', '6ID0_1_B']","['U2', 'U2']","['73286', '73286']","['Protein-RNA Complex', 'Protein-RNA Complex']",394,143,UGGUUUCUCUUCAGAUCGCAUAAAUCUUUCGCCUUUUACUAAAGAUUUCCGUGGAGAGGAACAACUCUGAGUCUUAACCCAAUUUUUUGAGGCCUUGC,98,1.44205432495427,1.44205432495427,2
['7DCO_1_H-F'],['U2'],['22385'],['Protein-RNA Complex'],277,61,GUUCGCGAAGUAACCCUUCGUGGACAUUUGGUCAAUUUGAAACAAUACAGAGAUGAUCAGCAGUUCCCCUGCAUAAGGAUGAACCGUUUUACAAAGAGAUUUAACGAAUCUCUUUGCCUUUUGGCUUAGAUCAAGUGUAGUAUCUGUUCUUUUCAGUGUAACAACUGAAAUGACCUAGGCUCAUACAUUUUUUGGCACGGACGGGAAGAGGAGACGUCGCGACCCUCGGAGUCGUUCUUGACUUGGUCGCUUGAUGUUUCUUCUUCCCGUUC,272,0.0,0.0,1
['7B9V_1_2-6'],['U2'],['01315'],['Protein-RNA Complex'],282,56,AAUCUCUUUGCCUUUUGGCUUAGAUCAAGUGUAGUAUCUGUUCUUGUAACAAGACCUCAAUGAGGCUCUUGUUACAAUACACAUUUUUUGGCACCUGGACGGGAAGAGACUUUUUAUAAAGUGAGACGUCGCGACCCUCGCACUGGAGUCGUUCUUGACUUUUACUUUGGUCGCUUGAUGUUUCUCUUCCCGUUCGGUUCGCGAAGUAACCCUUCGUGGACAUUUGGUCAAUUUGAAACAAUACAGAGAUGAUCAGCAGUUCCCCUGCAUAAGGAUGAACCGUUUUACAAAGAGAUUU,298,0.0,0.0,1
['5MQ0_1_2-6'],['U2'],['unknown'],['unknown'],283,58,ACGAAUCUCUUUGCCUUUUGGCUUAGAUCAAGUGUAGUAUCUGUUCUUUGUAACAACUGAAAUGACCUAGGCUCAUUGUUACGGACGGGAAGAGGAGACGUCGCGACCCUCGCAGUCGUUCUUGACUGGUCGCUUGAUGUUUCUUCUUCCCGUUCGUUCGCGAAGCUUCGUGGACAUUUGGUCAAUUUGAAACAAUACAGAGAUGAUCAGCAGUUCCCCUGCAUAAGGAUGAACCGUUUUACAAAGAGAUUUAU,254,0.0,0.0,1
"['5LJ3_1_Z-V', '5LJ5_1_Z-V']","['U2', 'U2']","['01315', 'unknown']","['Protein-RNA Complex', 'unknown']",287,56,GAAUCUCUUUGCCUUUUGGCUUAGAUCAAGUGUAGUAUCUGUUCUUGUAACAACUGAAAUGACCUAGGCUCAUUGUUACAAUACACAUUUUUUGGGGACGGGAAGAGGAGACGUCGCGACCCUCGCAGAGUCGUUCUUGACUUGGUCGCUUGAUGUUUCUUCUUCCCGUUCGUUCGCGAAGCUUCGUGGACAUUUGGUCAAUUUGAAACAAUACAGAGAUGAUCAGCAGUUCCCCUGCAUAAGGAUGAACCGUUUUACAAAGAGAUUU,268,0.0760076011651438,0.0760076011651438,2
['7Q3L_1_2'],['U2'],['73426'],['Protein-RNA Complex'],277,344,GAUCAAGUGUAGUAUCUGUUCUAUCAGUUUAAUAUCUGAUA,41,0.0,0.0,1
['5WSG_1_b'],['U2'],['95531'],['Protein-RNA Complex'],4,947,UUAUAGUUUUUUUA,14,0.0,0.0,1
['6G90_1_1'],['U2'],['64405'],['Protein-RNA Complex'],987,51,AUACACCUUAAGAUAUCAGAGGAGAUCAAGAAGUCCUACUGAUCAAACAUGCGCUUCCAAGAAGGACGUUAAGCAUUUAUCAUUGAACGUUCAUUGAACAUUGAUGCAAACUCCUUGGUCACACACACGCGGAAGGCGUGUUUGCUGACGUCCCUUGUUUCAAUCAUUGGUUAACUGAUUUUUGGGGCCCUUUGUUCUUCUGAGAAGUGACACCAAUUGGUGUUAGGGGAGCUGGGGCCUUUCAAAA__________________________________UUUUGGAAGGUCUUGGUCGGGUGGAUCUUAUAAUUUUUGAUUUA,325,0.0,0.0,1
['7ABI_1_2-6'],['U2'],['unknown'],['unknown'],294,69,GUGCUCGCUUCGGCAGCACAUAUACUAAAAUUGGAACGAUACAGAGAAGAUUAGCAUCCCCUGCGCAAGGAUGACGCAAAUUCGUGAAGCGCGCUUCUCGGCCUUUUGGCUAAGAUCAAGUGUAGUAUCUGUUCUUAUCAGUUUAAUAUCUGAUGUCCUCGAGGACAGGAUUUUUGGAGCAGGGAGAUGGAAUAGGAGCUUGCUCCGUCCACUCCACGCAUCGACCUGGUAUUGCAGUACCUCCAGGAACGGUGC,255,0.0,0.0,1
['6EXN_1_5'],['U2'],['30457'],['Protein-RNA Complex'],316,95,AAGCAGCUUUACAGAUCAAUGGCGGAGGGAGGUCAACAUCAAGAACUGUGGGCCUUUUAUUGCCUAUAGAACUUAUAACGAACAUGGUUCUUGCCUUUUACCAGAACCAUCCGGGUGUUGUCUCCAUAAACAGGUAAAGCUGUCCGUUACUGUGGGCUUGCCAUUUUUUGG,171,0.0,0.0,1
['7QTT_1_d-f'],['U2'],['57834'],['Protein-RNA Complex'],272,78,GUGCUCGCUUCGGCAGCACAUAUACUAAAAUUGGAACGAUACAGAGAAGAUUAGCAUGGCCCCUGCGCAAGGAUGACACGCUCGUGAAGCGUUAUCGCUUCUCGGCCUGGCUAAGAUCAAGUGUAGUAUCUGUUCUUAUCAGUUUAAUAUCUGAUGUCCUCUCGAGGAC,169,0.0,0.0,1
['7AAV_1_6'],['U2'],['unknown'],['unknown'],272,230,GUGCUCGCUUCGGCAGCACAUAUACUAAAAUUGGAACGAUACAGAGAAGAUUAGCAUCCCCUGCGCAAGGAUG,73,0.0,0.0,1
['6QDV_1_5'],['U2'],['73286'],['Protein-RNA Complex'],394,143,GUUUCUCUUCAGAUCGCAUAAAUCUUUCGCCUUUUACUAAAGAUUUCCGUGGAGAGGAACAACCAAUUUUUUGAG,75,0.0,0.0,1
['7Q4P_1_2'],['U2'],['73426'],['Protein-RNA Complex'],285,544,UCCCGCUAAAUAGAGCUAUCAGUUAAAUUGA,31,0.0,0.0,1
['7ONB_1_H'],['U2'],['73426'],['Protein-RNA Complex'],64,529,UAGUAUCUGUUCUUAUCAGUUUAAUAUCUGAU,32,0.0,0.0,1
['6ZYM_1_5'],['U2'],['73286'],['Protein-RNA Complex'],394,143,CUCUGGUUUCUCUUCAGAUCGCAUAAAUCUUUCGCCUUUUACUAAAGAUUUCCGUGGAGAGGAACAACUCUGAG,74,0.0,0.0,1
['6J6Q_1_L-E'],['U2'],['01315'],['Protein-RNA Complex'],277,53,GUUCGCGAAGUAACCCUUCGUGGACAUUUGGUCAAUUUGAAACAAUACAGAGAUGAUCAGCAGUUCCCCUGCAUAAGGAUGAACCGUUUUACAAAGAGAUUUAACGAAUCUCUUUGCCUUUUGGCUUAGAUCAAGUGUAGUAUCUGUUCUUUUCAGUGUAACAACUAAUGACCUCAGAGGCUCAUAUUUGUUACAAUACACAUUUUUUGGCACCCAAAAUAGGACGGGAAGAGACUUUUAAAGUGAGACGUCGCGACCCUCGCAGGAGUCGUUCUUGACUUUUUGGUCGCUUGAUGUUUCUCUCUUCCCGUUC,313,0.0,0.0,1
['6Y53_1_2'],['U2'],['unknown'],['unknown'],275,130,UCCUCGAGGAGGAUUUUUGGAGCAGGGAGAUGGAAUAGGAGCUUGCUCCGUCCACUCCACGCAUCGACCUGGUAUUGCAGUACCUCCAGGAACGGUGC,98,0.0,0.0,1
['3JB9_1_C'],['U2'],['87230'],['Protein-RNA Complex'],410,143,CGUCAAAGCACUUUGCAAAAGCUAACGUAUCUGUUUCUUGCCUUUUACCAGAAACAGCCGUUUGUAAGGUGUGCUAAUUUGACUGUAUAGUUUUUGUAAUCUUUU,105,0.0,0.0,1
['6BK8_1_5'],['U2'],['30457'],['Protein-RNA Complex'],316,95,GGAGGUCAACAUCAAGAACUGUGGGCCUUUGCCUAUAGAACUUAUAACGAACAUGGUUCUUGCCUUUUACCAGAACCAUCCGGGUGUUGUCUCCAUAUUUUUU,103,0.0,0.0,1
['6AH0_1_I-H-F'],['U2'],['unknown'],['unknown'],284,59,GUGCUCGCUUCGGCAGCACAGAAGAUUAGCAUGGCCCCUGCGCAAGGAUGAUUCGUGAAGCGUAUUUUUCGCUUCUCGGCCAGUGUAGUAUCUGUUCUUAUCAGUUUAAUAUCUGAUGGAUUUUUGGAGCAGGGAGCCACGCAUCGACCUGGUAUUGCAGUACCUCCAGGAACGGUGCAGCUUUGCGCAGUGGCAAUCGUAGCCAAUGAGGUCUAUCCGAGGCGCGAUUGCUAAUUGCCGCCGUGACGACUUGCAAUAUAGUCGGCACUGGCAAUUUUUGACAGUCUCGAGACUG,295,0.0,0.0,1
['5MPS_1_6'],['U2'],['83830'],['Protein-RNA Complex'],257,157,GUUCGCGAAGCUUCGUGGACAUUUGGUCAAUUUGAAACAAUACAGAGAUGAUCAGCAGUUCCCCUGCAUAAGGAUGAACCGUUUUACAAAGAGAUUUAU,99,0.0,0.0,1
['5GMK_1_E-L'],['U2'],['83830'],['Protein-RNA Complex'],277,53,GUUCGCGAAGUAACCCUUCGUGGACAUUUGGUCAAUUUGAAACAAUACAGAGAUGAUCAGCAGUUCCCCUGCAUAAGGAUGAACCGUUUUACAAAGAGAUUUAACGAAUCUCUUUGCCUUUUGGCUUAGAUCAAGUGUAGUAUCUGUUCUUUGUAACAACUAAUGACCUCAGAGGCUCAAUUUGUUACAAUACAUUUUUUGGCACCGCGACCCUCGCACUUGUGGAGUCG,230,0.0,0.0,1
['6EXN_1_2-6'],['U2'],['01643'],['Protein-RNA Complex'],283,58,GAAUCUCUUUGCCUUUUGGCUUAGAUCAAGUGUAGUAUCUGUUCUUUGUAACAUGUUACAAUACCAUUUUUUGGCAGGACGGGAAGAGGAGACGUCGCGACCCUCGCAGGUCGCUUGAUGUUUCUUCUUCCCGUUCGUUCGCGAAGUAACCCUUCGUGGACAUUUGGUCAAUUUGAAACAAUACAGAGAUGAUCAGCAGUUCCCCUGCAUAAGGAUGAACCGUUUUACAAAGAGAUUU,238,0.0,0.0,1
['5O9Z_1_4-2-6'],['U2'],['unknown'],['unknown'],275,49,CGCUUCUCGGCCGUGUAGUAUCUGUUCUGGAUUUUUGGAGCAGGGAGAUGGAUCCACUCCACGCAUCGACCUGGUAUUGCAGUACCUCCAGGAACGGUGCAGCUUUGCGCAGUGGCAGUAUCGUAGCCAAUGAGGUUUAUCCGAGGCGCGAUUAUUGCUAAUUACUUUUCCCAAUACCCCGCCGUGACGACUUGCAAUAUAGUCGGCAUUGGCAAUUUUUGACAGUCUCGAGACUGGGUGCUCGCUUCGGCAGCACAUAUACUAAAAUUGGAACGAUACAGAGAAGAUUAGCAUGGCCCCUGCGCAAGGAUGACAUUCGUGAAGCGU,327,0.0,0.0,1
